{"cameraMode":{"drawMode":0,"name":"Shaded","section":"Shading Mode"},"sceneLighting":true,"audioPlay":false,"sceneViewState":{"m_AlwaysRefresh":false,"showFog":true,"showSkybox":true,"showFlares":true,"showImageEffects":true,"showParticleSystems":true,"showVisualEffectGraphs":true,"m_FxEnabled":true},"in2DMode":false,"pivot":{"x":-24.26462745666504,"y":-22.011489868164064,"z":9.003498077392579},"rotation":{"x":-0.7138029336929321,"y":-0.019531339406967164,"z":0.019922321662306787,"w":-0.6997911930084229},"size":234.63267517089845,"orthographic":false}